PÁGINA ORIGEM (URL COMPLETA);PÁGINA DESTINO (URL COMPLETA);TEXTO ÂNCORA SUGERIDO;TIPO DE LINK;OBRIGATÓRIO?
https://zencial.info/queda-de-cabelo/;https://zencial.info/funciona/;veja o que dizem os usuários reais;Cabeça → Filho;SIM
https://zencial.info/queda-de-cabelo/;https://zencial.info/ingredientes/;entenda a fórmula completa;Cabeça → Filho;SIM
https://zencial.info/queda-de-cabelo/;https://zencial.info/antes-e-depois/;fotos reais de antes e depois;Cabeça → Filho;SIM
https://zencial.info/queda-de-cabelo/;https://zencial.info/como-usar/;como usar corretamente;Cabeça → Filho;SIM
https://zencial.info/queda-de-cabelo/;https://zencial.info/vs-minoxidil/;comparação com Minoxidil;Cabeça → Filho;SIM
https://zencial.info/queda-de-cabelo/;https://zencial.info/oleo-de-alecrim-queda-de-cabelo/;por que o alecrim funciona na queda;Cabeça → Filho;SIM
https://zencial.info/queda-de-cabelo/;https://zencial.info/onde-comprar/;onde comprar na loja oficial;Cabeça → Filho;SIM
https://zencial.info/queda-de-cabelo/;https://zencial.info/melhor-serum-capilar/;veja os melhores séruns do mercado;Cabeça → Filho;SIM
https://zencial.info/funciona/;https://zencial.info/queda-de-cabelo/;análise completa do Zencial para queda de cabelo;Filho → Cabeça;SIM
https://zencial.info/funciona/;https://zencial.info/antes-e-depois/;veja as fotos de antes e depois;Mesmo silo;SIM
https://zencial.info/funciona/;https://zencial.info/depoimentos/;leia os depoimentos completos;Mesmo silo;SIM
https://zencial.info/ingredientes/;https://zencial.info/queda-de-cabelo/;Zencial para queda de cabelo;Filho → Cabeça;SIM
https://zencial.info/ingredientes/;https://zencial.info/envy-hair/;conheça o produto completo;Mesmo silo;SIM
https://zencial.info/ingredientes/;https://zencial.info/oleo-de-alecrim-queda-de-cabelo/;saiba mais sobre o óleo de alecrim;Mesmo silo;SIM
https://zencial.info/como-usar/;https://zencial.info/queda-de-cabelo/;Zencial para queda de cabelo;Filho → Cabeça;SIM
https://zencial.info/como-usar/;https://zencial.info/funciona/;resultados de quem usou corretamente;Mesmo silo;SIM
https://zencial.info/antes-e-depois/;https://zencial.info/queda-de-cabelo/;como o Zencial age na queda;Filho → Cabeça;SIM
https://zencial.info/antes-e-depois/;https://zencial.info/funciona/;análise completa dos resultados;Mesmo silo;SIM
https://zencial.info/depoimentos/;https://zencial.info/queda-de-cabelo/;análise do Zencial para queda;Filho → Cabeça;SIM
https://zencial.info/depoimentos/;https://zencial.info/funciona/;resultados detalhados;Mesmo silo;SIM
https://zencial.info/oleo-de-alecrim-queda-de-cabelo/;https://zencial.info/queda-de-cabelo/;sérum com óleo de alecrim para queda de cabelo;Filho → Cabeça;SIM
https://zencial.info/oleo-de-alecrim-queda-de-cabelo/;https://zencial.info/oleo-de-alecrim-vs-minoxidil/;alecrim comparado ao Minoxidil;Mesmo silo;SIM
https://zencial.info/oleo-de-alecrim-vs-minoxidil/;https://zencial.info/queda-de-cabelo/;Zencial para queda de cabelo;Filho → Cabeça;SIM
https://zencial.info/oleo-de-alecrim-vs-minoxidil/;https://zencial.info/vs-minoxidil/;veja o comparativo completo com Minoxidil;Mesmo silo;SIM
https://zencial.info/causas-queda-de-cabelo-feminina/;https://zencial.info/queda-de-cabelo/;Zencial para tratar a queda;Filho → Cabeça;SIM
https://zencial.info/causas-queda-de-cabelo-feminina/;https://zencial.info/oleo-de-alecrim-queda-de-cabelo/;tratamento com óleo de alecrim;Mesmo silo;SIM
https://zencial.info/vs-minoxidil/;https://zencial.info/queda-de-cabelo/;análise completa do Zencial;Filho → Cabeça;SIM
https://zencial.info/vs-minoxidil/;https://zencial.info/oleo-de-alecrim-vs-minoxidil/;por que o alecrim concorre com Minoxidil;Mesmo silo;SIM
https://zencial.info/melhor-serum-capilar/;https://zencial.info/queda-de-cabelo/;Zencial para queda de cabelo;Filho → Cabeça;SIM
https://zencial.info/melhor-serum-capilar/;https://zencial.info/funciona/;resultados reais do Zencial;Mesmo silo;SIM
https://zencial.info/onde-comprar/;https://zencial.info/queda-de-cabelo/;Zencial para queda de cabelo;Filho → Cabeça;SIM
https://zencial.info/onde-comprar/;https://zencial.info/preco/;veja se vale a pena cada kit;Mesmo silo;SIM
https://zencial.info/preco/;https://zencial.info/queda-de-cabelo/;Zencial para queda de cabelo;Filho → Cabeça;SIM
https://zencial.info/preco/;https://zencial.info/onde-comprar/;comprar na loja oficial;Mesmo silo;SIM
https://zencial.info/envy-hair/;https://zencial.info/queda-de-cabelo/;Zencial para queda de cabelo;Filho → Cabeça;SIM
https://zencial.info/envy-hair/;https://zencial.info/ingredientes/;veja todos os ingredientes;Mesmo silo;SIM
